calendar_time,1,2,3,4,5,6,7,8
1,50,,,,,,,
2,40.4040404,53,,,,,,
3,37.2960373,42.82828283,56.445,,,,,
4,34.80963481,39.53379953,45.61212121,60.39615,,,,
5,32.76200923,36.8982129,42.1034965,48.8049697,64.6238805,,,
6,31.03769296,34.72772979,39.29659674,45.05074126,52.22131758,70.11691034,,
7,29.55970758,32.89995453,36.98503222,42.04735851,48.20429315,56.66012957,76.07684772,
8,28.2745029,31.33329003,35.03845158,39.57398448,44.9906736,52.30165806,61.47624058,82.92376402