calendar_time,total_customers,total_revenue,marketing_spend
1,50,1500,2500
2,93.4040404,2839.482828,2756
3,136.5693201,4206.33506,2991.85
4,180.3517056,5626.973213,3624
5,225.1925688,7116.085175,4006.44
6,272.4509887,8718.431637,4557.8
7,322.4333233,10446.83967,5173.44
8,375.9125653,12329.93214,5804.4